Leanora,Sawayn,karissa_klocko@zieme-herzog.name,2112,Dexter,420 Duane Isle
Harris,Kerluke,hung.kulas@hauck-gutkowski.io,1948,Kojak,169 Ilene Crossing
Lucien,Erdman,ayana_huels@spinka-rogahn.biz,8542,Roots,4195 Rhett Courts
Anitra,Harris,johnson@hermiston-gleason.biz,5296,The Commons,44762 Bartell Cove
Bernard,Streich,barbie_kuphal@lockman.info,3704,Peaky Blinders,444 Osinski Field
Sherill,Stroman,verlene@hilll.com,3658,Abandoned,392 Kuvalis Gateway
Willian,Schoen,voncile.klocko@powlowski.io,5884,Caprica,933 Zulauf Crescent
Cari,McLaughlin,ulysses@goodwin.info,9137,The Zoo,451 Mosciski Fort
Joey,Ritchie,seth.mueller@jones.name,1617,Travelers,9992 Aufderhar Plaza
Clora,Stanton,isidro.heaney@leuschke.co,4821,The Good Cop,264 Cathy Drive
